,reactant_smi,rxn_id,mapped_atoms,reactant_id_no_underbar,nuc_sites,MCA Value [kJ/mol],Est. Error [kJ/mol],Type
0,CCC/[N:10]=C/C1=CC=CC=C1,24,{10: 3},24reac0,3,453.1720054585254,29.90865952494387,Imine
1,CCC/[N:10]=C/C1=CC=CC=C1,24,{10: 3},24reac0,8,324.41692798789893,14.77631630446751,Double bond
2,CCC/[N:10]=C/C1=CC=CC=C1,24,{10: 3},24reac0,4,319.9643767355598,43.820105414527745,Double bond
3,CCC/[N:10]=C/C1=CC=CC=C1,24,{10: 3},24reac0,6,308.89320881107585,15.066980055016856,Double bond
4,CCC/[N:10]=C/C1=CC=CC=C1,24,{10: 3},24reac0,10,308.89320881107585,15.066980055016856,Double bond
5,CCC/[N:10]=C/C1=CC=CC=C1,24,{10: 3},24reac0,7,296.51764937568566,10.439555416570158,Double bond
6,CCC/[N:10]=C/C1=CC=CC=C1,24,{10: 3},24reac0,9,296.51764937568566,10.439555416570158,Double bond
7,CCC/[N:10]=C/C1=CC=CC=C1,24,{10: 3},24reac0,5,271.7336190364178,16.995783078492657,Double bond
8,C1C2=C(C=CC=C2)[C:20](=[O:21])OC1=O,24,"{20: 7, 21: 8}",24reac1,8,313.0149875885584,17.745938947331428,Atom with lone pair
9,C1C2=C(C=CC=C2)[C:20](=[O:21])OC1=O,24,"{20: 7, 21: 8}",24reac1,11,293.44704835477205,18.461514415375717,Atom with lone pair
10,C1C2=C(C=CC=C2)[C:20](=[O:21])OC1=O,24,"{20: 7, 21: 8}",24reac1,6,283.53201861627423,23.633412416591824,Double bond
11,C1C2=C(C=CC=C2)[C:20](=[O:21])OC1=O,24,"{20: 7, 21: 8}",24reac1,4,283.2640512473374,17.223848335507988,Double bond
12,C1C2=C(C=CC=C2)[C:20](=[O:21])OC1=O,24,"{20: 7, 21: 8}",24reac1,3,267.6110177098292,12.460691598628241,Double bond
13,C1C2=C(C=CC=C2)[C:20](=[O:21])OC1=O,24,"{20: 7, 21: 8}",24reac1,9,266.5773868863176,59.7384681546514,Atom with lone pair
14,C1C2=C(C=CC=C2)[C:20](=[O:21])OC1=O,24,"{20: 7, 21: 8}",24reac1,5,265.2603090394101,15.773212963754212,Double bond
15,C1C2=C(C=CC=C2)[C:20](=[O:21])OC1=O,24,"{20: 7, 21: 8}",24reac1,2,251.2938155726321,16.404632352248747,Double bond
16,C1C2=C(C=CC=C2)[C:20](=[O:21])OC1=O,24,"{20: 7, 21: 8}",24reac1,1,242.03903354361597,24.8190143185605,Double bond
17,C1C2=C(C=CC=C2)[C:20](=[O:21])OC1=O,24,"{20: 7, 21: 8}",24reac1,7,107.8561609981895,24.220398325395063,Double bond
18,C1C2=C(C=CC=C2)[C:20](=[O:21])OC1=O,24,"{20: 7, 21: 8}",24reac1,10,92.5745876048971,40.523446935797764,Double bond
19,CCC(CC)O,26,{},26reac0,5,325.91426082745164,12.488544469975007,Atom with lone pair
20,CCC(C(C)[C:20](=[O:21])Cl)O[Si](C)(C)C(C)(C)C,26,"{20: 5, 21: 6}",26reac1,6,330.21667447140135,19.357567604645617,Atom with lone pair
21,CCC(C(C)[C:20](=[O:21])Cl)O[Si](C)(C)C(C)(C)C,26,"{20: 5, 21: 6}",26reac1,8,289.4622369072814,33.38947277364915,Silyl ether
22,CCC(C(C)[C:20](=[O:21])Cl)O[Si](C)(C)C(C)(C)C,26,"{20: 5, 21: 6}",26reac1,5,249.6962664282034,32.92980856527659,Double bond
23,CCC(C(C)[C:20](=[O:21])Cl)O[Si](C)(C)C(C)(C)C,26,"{20: 5, 21: 6}",26reac1,7,180.09198167445385,22.789460412862095,Atom with lone pair
24,CN(C)C1=CC=[N:10]C=C1,26,{10: 6},26reac2,6,499.5172114958077,7.133657345479717,Pyridine like nitrogen
25,CN(C)C1=CC=[N:10]C=C1,26,{10: 6},26reac2,1,418.6634533195292,12.343176126646975,Amine
26,CN(C)C1=CC=[N:10]C=C1,26,{10: 6},26reac2,4,395.521555360933,18.245326991982882,Double bond
27,CN(C)C1=CC=[N:10]C=C1,26,{10: 6},26reac2,8,395.521555360933,18.245326991982882,Double bond
28,CN(C)C1=CC=[N:10]C=C1,26,{10: 6},26reac2,5,277.64457735971445,17.21390185968217,Double bond
29,CN(C)C1=CC=[N:10]C=C1,26,{10: 6},26reac2,7,277.64457735971445,17.21390185968217,Double bond
30,CN(C)C1=CC=[N:10]C=C1,26,{10: 6},26reac2,3,251.05677354919882,31.706115532119853,Double bond
31,C1CC([NH:10]C1)C(=O)N,33,{10: 3},33reac0,3,503.49699977168075,17.6518301548209,Amine
32,C1CC([NH:10]C1)C(=O)N,33,{10: 3},33reac0,6,376.68847831742926,11.732072901898965,Amide
33,C1CC([NH:10]C1)C(=O)N,33,{10: 3},33reac0,7,366.4619413529227,11.746975943671494,Atom with lone pair
34,C1CC([NH:10]C1)C(=O)N,33,{10: 3},33reac0,5,130.85085880942708,37.67053459014266,Double bond
35,C1=COC(=C1)[C:20](=[O:21])OC2=C(C(=C(C(=C2F)F)F)F)F,33,"{20: 5, 21: 6}",33reac1,3,332.3432131030546,22.942951650446755,Double bond
36,C1=COC(=C1)[C:20](=[O:21])OC2=C(C(=C(C(=C2F)F)F)F)F,33,"{20: 5, 21: 6}",33reac1,1,322.87166569056717,21.129112877211174,Double bond
37,C1=COC(=C1)[C:20](=[O:21])OC2=C(C(=C(C(=C2F)F)F)F)F,33,"{20: 5, 21: 6}",33reac1,6,308.7746011282008,20.401140601249466,Ester
38,C1=COC(=C1)[C:20](=[O:21])OC2=C(C(=C(C(=C2F)F)F)F)F,33,"{20: 5, 21: 6}",33reac1,0,303.24179275936757,13.807636082957277,Double bond
39,C1=COC(=C1)[C:20](=[O:21])OC2=C(C(=C(C(=C2F)F)F)F)F,33,"{20: 5, 21: 6}",33reac1,9,273.922924276232,24.99202146261629,Double bond
40,C1=COC(=C1)[C:20](=[O:21])OC2=C(C(=C(C(=C2F)F)F)F)F,33,"{20: 5, 21: 6}",33reac1,13,273.922924276232,24.99202146261629,Double bond
41,C1=COC(=C1)[C:20](=[O:21])OC2=C(C(=C(C(=C2F)F)F)F)F,33,"{20: 5, 21: 6}",33reac1,10,272.7878330918673,19.825336899126278,Double bond
42,C1=COC(=C1)[C:20](=[O:21])OC2=C(C(=C(C(=C2F)F)F)F)F,33,"{20: 5, 21: 6}",33reac1,12,272.7878330918673,19.825336899126278,Double bond
43,C1=COC(=C1)[C:20](=[O:21])OC2=C(C(=C(C(=C2F)F)F)F)F,33,"{20: 5, 21: 6}",33reac1,4,267.73918030670666,21.03966314979494,Double bond
44,C1=COC(=C1)[C:20](=[O:21])OC2=C(C(=C(C(=C2F)F)F)F)F,33,"{20: 5, 21: 6}",33reac1,11,263.48717280168927,22.6693664071714,Double bond
45,C1=COC(=C1)[C:20](=[O:21])OC2=C(C(=C(C(=C2F)F)F)F)F,33,"{20: 5, 21: 6}",33reac1,8,244.89190557130254,26.471658896508895,Double bond
46,C1=COC(=C1)[C:20](=[O:21])OC2=C(C(=C(C(=C2F)F)F)F)F,33,"{20: 5, 21: 6}",33reac1,7,187.36076594017933,21.259570759674396,Atom with lone pair
47,C1=COC(=C1)[C:20](=[O:21])OC2=C(C(=C(C(=C2F)F)F)F)F,33,"{20: 5, 21: 6}",33reac1,2,187.1890808023686,7.920527382085783,Atom with lone pair
48,C1=COC(=C1)[C:20](=[O:21])OC2=C(C(=C(C(=C2F)F)F)F)F,33,"{20: 5, 21: 6}",33reac1,5,116.92485782657491,37.53700750881162,Double bond
49,C1=COC(=C1)[C:20](=[O:21])OC2=C(C(=C(C(=C2F)F)F)F)F,33,"{20: 5, 21: 6}",33reac1,14,85.64810040517823,47.21363035263148,Atom with lone pair
50,C1=COC(=C1)[C:20](=[O:21])OC2=C(C(=C(C(=C2F)F)F)F)F,33,"{20: 5, 21: 6}",33reac1,18,85.64810040517823,47.21363035263148,Atom with lone pair
51,C1=COC(=C1)[C:20](=[O:21])OC2=C(C(=C(C(=C2F)F)F)F)F,33,"{20: 5, 21: 6}",33reac1,16,81.52617411573108,6.483492525588394,Atom with lone pair
52,C1=COC(=C1)[C:20](=[O:21])OC2=C(C(=C(C(=C2F)F)F)F)F,33,"{20: 5, 21: 6}",33reac1,15,78.70223086170874,8.579010761120646,Atom with lone pair
53,C1=COC(=C1)[C:20](=[O:21])OC2=C(C(=C(C(=C2F)F)F)F)F,33,"{20: 5, 21: 6}",33reac1,17,78.70223086170874,8.579010761120646,Atom with lone pair
54,CC(=CCC1=C(C=C(C=C1[CH:20]=[O:21])OCC2=CC=CC=C2)OCC3=CC=CC=C3)C,34,"{20: 10, 21: 11}",34reac0,2,398.3989272683628,7.869597346855984,Double bond
55,CC(=CCC1=C(C=C(C=C1[CH:20]=[O:21])OCC2=CC=CC=C2)OCC3=CC=CC=C3)C,34,"{20: 10, 21: 11}",34reac0,8,386.0981788803762,22.48733970674035,Double bond
56,CC(=CCC1=C(C=C(C=C1[CH:20]=[O:21])OCC2=CC=CC=C2)OCC3=CC=CC=C3)C,34,"{20: 10, 21: 11}",34reac0,6,369.22097462389047,15.323650147200402,Double bond
57,CC(=CCC1=C(C=C(C=C1[CH:20]=[O:21])OCC2=CC=CC=C2)OCC3=CC=CC=C3)C,34,"{20: 10, 21: 11}",34reac0,11,361.28225701379057,14.734774042938724,Aldehyde
58,CC(=CCC1=C(C=C(C=C1[CH:20]=[O:21])OCC2=CC=CC=C2)OCC3=CC=CC=C3)C,34,"{20: 10, 21: 11}",34reac0,1,343.1528720894546,17.32424390050881,Double bond
59,CC(=CCC1=C(C=C(C=C1[CH:20]=[O:21])OCC2=CC=CC=C2)OCC3=CC=CC=C3)C,34,"{20: 10, 21: 11}",34reac0,4,336.46923850366795,24.232500655975684,Double bond
60,CC(=CCC1=C(C=C(C=C1[CH:20]=[O:21])OCC2=CC=CC=C2)OCC3=CC=CC=C3)C,34,"{20: 10, 21: 11}",34reac0,25,312.6067800681746,9.29503338291038,Double bond
61,CC(=CCC1=C(C=C(C=C1[CH:20]=[O:21])OCC2=CC=CC=C2)OCC3=CC=CC=C3)C,34,"{20: 10, 21: 11}",34reac0,17,310.6399273989913,7.682990082800359,Double bond
62,CC(=CCC1=C(C=C(C=C1[CH:20]=[O:21])OCC2=CC=CC=C2)OCC3=CC=CC=C3)C,34,"{20: 10, 21: 11}",34reac0,19,299.7165298750281,7.2072656103479025,Double bond
63,CC(=CCC1=C(C=C(C=C1[CH:20]=[O:21])OCC2=CC=CC=C2)OCC3=CC=CC=C3)C,34,"{20: 10, 21: 11}",34reac0,15,299.7165298750281,7.2072656103479025,Double bond
64,CC(=CCC1=C(C=C(C=C1[CH:20]=[O:21])OCC2=CC=CC=C2)OCC3=CC=CC=C3)C,34,"{20: 10, 21: 11}",34reac0,23,299.3277854489004,8.593571466439407,Double bond
65,CC(=CCC1=C(C=C(C=C1[CH:20]=[O:21])OCC2=CC=CC=C2)OCC3=CC=CC=C3)C,34,"{20: 10, 21: 11}",34reac0,27,299.3277854489004,8.593571466439407,Double bond
66,CC(=CCC1=C(C=C(C=C1[CH:20]=[O:21])OCC2=CC=CC=C2)OCC3=CC=CC=C3)C,34,"{20: 10, 21: 11}",34reac0,26,293.4004219564684,8.199429478938963,Double bond
67,CC(=CCC1=C(C=C(C=C1[CH:20]=[O:21])OCC2=CC=CC=C2)OCC3=CC=CC=C3)C,34,"{20: 10, 21: 11}",34reac0,24,293.4004219564684,8.199429478938963,Double bond
68,CC(=CCC1=C(C=C(C=C1[CH:20]=[O:21])OCC2=CC=CC=C2)OCC3=CC=CC=C3)C,34,"{20: 10, 21: 11}",34reac0,20,292.78209254421887,15.983405048309987,Ether
69,CC(=CCC1=C(C=C(C=C1[CH:20]=[O:21])OCC2=CC=CC=C2)OCC3=CC=CC=C3)C,34,"{20: 10, 21: 11}",34reac0,9,292.0015514484765,32.64304550600286,Double bond
70,CC(=CCC1=C(C=C(C=C1[CH:20]=[O:21])OCC2=CC=CC=C2)OCC3=CC=CC=C3)C,34,"{20: 10, 21: 11}",34reac0,18,291.53448631726746,9.575931718579046,Double bond
71,CC(=CCC1=C(C=C(C=C1[CH:20]=[O:21])OCC2=CC=CC=C2)OCC3=CC=CC=C3)C,34,"{20: 10, 21: 11}",34reac0,16,291.53448631726746,9.575931718579046,Double bond
72,CC(=CCC1=C(C=C(C=C1[CH:20]=[O:21])OCC2=CC=CC=C2)OCC3=CC=CC=C3)C,34,"{20: 10, 21: 11}",34reac0,12,286.5405889988603,11.433552487388821,Ether
73,CC(=CCC1=C(C=C(C=C1[CH:20]=[O:21])OCC2=CC=CC=C2)OCC3=CC=CC=C3)C,34,"{20: 10, 21: 11}",34reac0,14,285.26086461992116,10.92529945385671,Double bond
74,CC(=CCC1=C(C=C(C=C1[CH:20]=[O:21])OCC2=CC=CC=C2)OCC3=CC=CC=C3)C,34,"{20: 10, 21: 11}",34reac0,22,279.689838815265,9.933607262741866,Double bond
75,CC(=CCC1=C(C=C(C=C1[CH:20]=[O:21])OCC2=CC=CC=C2)OCC3=CC=CC=C3)C,34,"{20: 10, 21: 11}",34reac0,5,260.63605075337307,25.44998994492146,Double bond
76,CC(=CCC1=C(C=C(C=C1[CH:20]=[O:21])OCC2=CC=CC=C2)OCC3=CC=CC=C3)C,34,"{20: 10, 21: 11}",34reac0,7,233.6693438471691,22.668480885716903,Double bond
77,CC(=CCC1=C(C=C(C=C1[CH:20]=[O:21])OCC2=CC=CC=C2)OCC3=CC=CC=C3)C,34,"{20: 10, 21: 11}",34reac0,10,180.24293017464234,72.00879969740635,Double bond
78,C(C[NH2:10])N,34,{10: 2},34reac1,2,501.811442695369,11.489304076699096,Amine
79,C(C[NH2:10])N,34,{10: 2},34reac1,3,501.811442695369,11.489304076699096,Amine
80,CC1([NH:10]C(C(=O)N1C)CC2=CC=CC=C2)C,35,{10: 2},35reac0,2,423.766484150729,24.29585012287268,Amine
81,CC1([NH:10]C(C(=O)N1C)CC2=CC=CC=C2)C,35,{10: 2},35reac0,6,395.2166708442764,17.745036836067555,Atom with lone pair
82,CC1([NH:10]C(C(=O)N1C)CC2=CC=CC=C2)C,35,{10: 2},35reac0,5,362.80752634314564,15.871959146971784,Atom with lone pair
83,CC1([NH:10]C(C(=O)N1C)CC2=CC=CC=C2)C,35,{10: 2},35reac0,12,311.22533488550386,11.804112009387026,Double bond
84,CC1([NH:10]C(C(=O)N1C)CC2=CC=CC=C2)C,35,{10: 2},35reac0,14,309.9104050489536,11.44014389942063,Double bond
85,CC1([NH:10]C(C(=O)N1C)CC2=CC=CC=C2)C,35,{10: 2},35reac0,10,309.9104050489536,11.44014389942063,Double bond
86,CC1([NH:10]C(C(=O)N1C)CC2=CC=CC=C2)C,35,{10: 2},35reac0,13,306.7798694214751,11.363563093547263,Double bond
87,CC1([NH:10]C(C(=O)N1C)CC2=CC=CC=C2)C,35,{10: 2},35reac0,11,306.7798694214751,11.363563093547263,Double bond
88,CC1([NH:10]C(C(=O)N1C)CC2=CC=CC=C2)C,35,{10: 2},35reac0,9,277.7052265713991,17.978953146814654,Double bond
89,CC1([NH:10]C(C(=O)N1C)CC2=CC=CC=C2)C,35,{10: 2},35reac0,4,184.34275224553426,40.29984234727632,Double bond
90,C1=CC=C(C=C1)C[CH:20]=[O:21],35,"{20: 7, 21: 8}",35reac1,8,328.7043268637592,12.884667250473319,Aldehyde
91,C1=CC=C(C=C1)C[CH:20]=[O:21],35,"{20: 7, 21: 8}",35reac1,0,311.7406188482771,9.148597845177559,Double bond
92,C1=CC=C(C=C1)C[CH:20]=[O:21],35,"{20: 7, 21: 8}",35reac1,4,310.91564592631016,13.335751012902373,Double bond
93,C1=CC=C(C=C1)C[CH:20]=[O:21],35,"{20: 7, 21: 8}",35reac1,2,310.91564592631016,13.335751012902373,Double bond
94,C1=CC=C(C=C1)C[CH:20]=[O:21],35,"{20: 7, 21: 8}",35reac1,5,304.76492305513807,8.031012263311643,Double bond
95,C1=CC=C(C=C1)C[CH:20]=[O:21],35,"{20: 7, 21: 8}",35reac1,1,304.76492305513807,8.031012263311643,Double bond
96,C1=CC=C(C=C1)C[CH:20]=[O:21],35,"{20: 7, 21: 8}",35reac1,3,261.6062972790048,10.335814720006951,Double bond
97,C1=CC=C(C=C1)C[CH:20]=[O:21],35,"{20: 7, 21: 8}",35reac1,7,217.47764802623283,47.46244815860656,Double bond
98,COCC(CC1=CC=CC=C1)[NH2:10],36,{10: 11},36reac0,11,481.98122608067905,10.397801317147618,Amine
99,COCC(CC1=CC=CC=C1)[NH2:10],36,{10: 11},36reac0,1,339.24363986277456,11.715307856368586,Ether
100,COCC(CC1=CC=CC=C1)[NH2:10],36,{10: 11},36reac0,6,322.7497591636358,12.013469420127974,Double bond
101,COCC(CC1=CC=CC=C1)[NH2:10],36,{10: 11},36reac0,10,322.7497591636358,12.013469420127974,Double bond
102,COCC(CC1=CC=CC=C1)[NH2:10],36,{10: 11},36reac0,8,319.74441580769513,10.407914428027949,Double bond
103,COCC(CC1=CC=CC=C1)[NH2:10],36,{10: 11},36reac0,7,303.06417603842135,11.903791563867443,Double bond
104,COCC(CC1=CC=CC=C1)[NH2:10],36,{10: 11},36reac0,9,303.06417603842135,11.903791563867443,Double bond
105,COCC(CC1=CC=CC=C1)[NH2:10],36,{10: 11},36reac0,5,277.50607710087144,11.990038162108217,Double bond
106,C1CC[C:20](=[O:21])CC1,36,"{20: 3, 21: 4}",36reac1,4,347.31170460856924,11.245503597616903,Ketone
107,C1CC[C:20](=[O:21])CC1,36,"{20: 3, 21: 4}",36reac1,3,181.24142507930569,45.61188612168818,Double bond
108,C1=CC=C(C=C1)C(C2=C(C=CC3=C2C=CC=C3)O)[NH:10]CCCCC[CH:20]=[O:21],37,"{10: 18, 20: 24, 21: 25}",37reac0,18,476.792508873296,16.87147696076366,Amine
109,C1=CC=C(C=C1)C(C2=C(C=CC3=C2C=CC=C3)O)[NH:10]CCCCC[CH:20]=[O:21],37,"{10: 18, 20: 24, 21: 25}",37reac0,7,388.02194592478224,18.321348657596914,Double bond
110,C1=CC=C(C=C1)C(C2=C(C=CC3=C2C=CC=C3)O)[NH:10]CCCCC[CH:20]=[O:21],37,"{10: 18, 20: 24, 21: 25}",37reac0,13,359.28364189429345,15.164309529048046,Double bond
111,C1=CC=C(C=C1)C(C2=C(C=CC3=C2C=CC=C3)O)[NH:10]CCCCC[CH:20]=[O:21],37,"{10: 18, 20: 24, 21: 25}",37reac0,9,343.2868531003245,18.151392555169966,Double bond
112,C1=CC=C(C=C1)C(C2=C(C=CC3=C2C=CC=C3)O)[NH:10]CCCCC[CH:20]=[O:21],37,"{10: 18, 20: 24, 21: 25}",37reac0,15,339.1026071888369,18.851178207144205,Double bond
113,C1=CC=C(C=C1)C(C2=C(C=CC3=C2C=CC=C3)O)[NH:10]CCCCC[CH:20]=[O:21],37,"{10: 18, 20: 24, 21: 25}",37reac0,25,336.2743051852302,10.635711382521212,Aldehyde
114,C1=CC=C(C=C1)C(C2=C(C=CC3=C2C=CC=C3)O)[NH:10]CCCCC[CH:20]=[O:21],37,"{10: 18, 20: 24, 21: 25}",37reac0,10,330.2013344253119,18.55264760150765,Double bond
115,C1=CC=C(C=C1)C(C2=C(C=CC3=C2C=CC=C3)O)[NH:10]CCCCC[CH:20]=[O:21],37,"{10: 18, 20: 24, 21: 25}",37reac0,14,327.5735288354246,16.177683516277483,Double bond
116,C1=CC=C(C=C1)C(C2=C(C=CC3=C2C=CC=C3)O)[NH:10]CCCCC[CH:20]=[O:21],37,"{10: 18, 20: 24, 21: 25}",37reac0,16,327.44133569038553,10.438455795300126,Double bond
117,C1=CC=C(C=C1)C(C2=C(C=CC3=C2C=CC=C3)O)[NH:10]CCCCC[CH:20]=[O:21],37,"{10: 18, 20: 24, 21: 25}",37reac0,0,314.5409568514771,9.872885644626729,Double bond
118,C1=CC=C(C=C1)C(C2=C(C=CC3=C2C=CC=C3)O)[NH:10]CCCCC[CH:20]=[O:21],37,"{10: 18, 20: 24, 21: 25}",37reac0,2,306.23128037984804,9.357543371061777,Double bond
119,C1=CC=C(C=C1)C(C2=C(C=CC3=C2C=CC=C3)O)[NH:10]CCCCC[CH:20]=[O:21],37,"{10: 18, 20: 24, 21: 25}",37reac0,4,306.23128037984804,9.357543371061777,Double bond
120,C1=CC=C(C=C1)C(C2=C(C=CC3=C2C=CC=C3)O)[NH:10]CCCCC[CH:20]=[O:21],37,"{10: 18, 20: 24, 21: 25}",37reac0,3,294.81521111749595,19.376186357517945,Double bond
121,C1=CC=C(C=C1)C(C2=C(C=CC3=C2C=CC=C3)O)[NH:10]CCCCC[CH:20]=[O:21],37,"{10: 18, 20: 24, 21: 25}",37reac0,5,293.4611606861073,9.801170627805067,Double bond
122,C1=CC=C(C=C1)C(C2=C(C=CC3=C2C=CC=C3)O)[NH:10]CCCCC[CH:20]=[O:21],37,"{10: 18, 20: 24, 21: 25}",37reac0,1,293.4611606861073,9.801170627805067,Double bond
123,C1=CC=C(C=C1)C(C2=C(C=CC3=C2C=CC=C3)O)[NH:10]CCCCC[CH:20]=[O:21],37,"{10: 18, 20: 24, 21: 25}",37reac0,8,282.80174863897537,16.793848133829407,Double bond
124,C1=CC=C(C=C1)C(C2=C(C=CC3=C2C=CC=C3)O)[NH:10]CCCCC[CH:20]=[O:21],37,"{10: 18, 20: 24, 21: 25}",37reac0,11,280.2966283267747,16.99241151953658,Double bond
125,C1=CC=C(C=C1)C(C2=C(C=CC3=C2C=CC=C3)O)[NH:10]CCCCC[CH:20]=[O:21],37,"{10: 18, 20: 24, 21: 25}",37reac0,24,271.6223749458951,57.07378197225097,Double bond
126,C1=CC=C(C=C1)C(C2=C(C=CC3=C2C=CC=C3)O)[NH:10]CCCCC[CH:20]=[O:21],37,"{10: 18, 20: 24, 21: 25}",37reac0,12,258.53841887151685,22.332827889071424,Double bond
127,C1=CC=C(C=C1)C(C2=C(C=CC3=C2C=CC=C3)O)[NH:10]CCCCC[CH:20]=[O:21],37,"{10: 18, 20: 24, 21: 25}",37reac0,17,255.29304080402898,13.26317213344754,Phenol
128,CC[NH:10]CC,38,{10: 2},38reac0,2,518.6097581793329,15.992844597523405,Amine
129,COC1=CC=C(C=C1)/[CH:20]=[C:21](\C#N)/[C:22](=[O:23])OC,38,"{20: 8, 21: 9, 22: 12, 23: 13}",38reac1,11,361.39584052449476,9.458122677848857,Atom with lone pair
130,COC1=CC=C(C=C1)/[CH:20]=[C:21](\C#N)/[C:22](=[O:23])OC,38,"{20: 8, 21: 9, 22: 12, 23: 13}",38reac1,9,354.97236288024123,23.807355558920268,Double bond
131,COC1=CC=C(C=C1)/[CH:20]=[C:21](\C#N)/[C:22](=[O:23])OC,38,"{20: 8, 21: 9, 22: 12, 23: 13}",38reac1,7,328.01816556295853,10.097868040952719,Double bond
132,COC1=CC=C(C=C1)/[CH:20]=[C:21](\C#N)/[C:22](=[O:23])OC,38,"{20: 8, 21: 9, 22: 12, 23: 13}",38reac1,3,328.01816556295853,10.097868040952719,Double bond
133,COC1=CC=C(C=C1)/[CH:20]=[C:21](\C#N)/[C:22](=[O:23])OC,38,"{20: 8, 21: 9, 22: 12, 23: 13}",38reac1,5,295.97621177248305,10.731999104843858,Double bond
134,COC1=CC=C(C=C1)/[CH:20]=[C:21](\C#N)/[C:22](=[O:23])OC,38,"{20: 8, 21: 9, 22: 12, 23: 13}",38reac1,8,294.06909256343795,39.76765139860757,Double bond
135,COC1=CC=C(C=C1)/[CH:20]=[C:21](\C#N)/[C:22](=[O:23])OC,38,"{20: 8, 21: 9, 22: 12, 23: 13}",38reac1,13,292.42506235386554,17.184843333925357,Atom with lone pair
136,COC1=CC=C(C=C1)/[CH:20]=[C:21](\C#N)/[C:22](=[O:23])OC,38,"{20: 8, 21: 9, 22: 12, 23: 13}",38reac1,4,283.1351549871663,12.726991075811823,Double bond
137,COC1=CC=C(C=C1)/[CH:20]=[C:21](\C#N)/[C:22](=[O:23])OC,38,"{20: 8, 21: 9, 22: 12, 23: 13}",38reac1,6,283.1351549871663,12.726991075811823,Double bond
138,COC1=CC=C(C=C1)/[CH:20]=[C:21](\C#N)/[C:22](=[O:23])OC,38,"{20: 8, 21: 9, 22: 12, 23: 13}",38reac1,1,276.73232691071314,9.739507148941463,Ether
139,COC1=CC=C(C=C1)/[CH:20]=[C:21](\C#N)/[C:22](=[O:23])OC,38,"{20: 8, 21: 9, 22: 12, 23: 13}",38reac1,14,251.2778867183488,14.328942721764903,Atom with lone pair
140,COC1=CC=C(C=C1)/[CH:20]=[C:21](\C#N)/[C:22](=[O:23])OC,38,"{20: 8, 21: 9, 22: 12, 23: 13}",38reac1,2,217.1945088793641,18.975732023367698,Double bond
141,COC1=CC=C(C=C1)/[CH:20]=[C:21](\C#N)/[C:22](=[O:23])OC,38,"{20: 8, 21: 9, 22: 12, 23: 13}",38reac1,10,132.3619275382325,23.519379505254044,Triple bond
142,COC1=CC=C(C=C1)/[CH:20]=[C:21](\C#N)/[C:22](=[O:23])OC,38,"{20: 8, 21: 9, 22: 12, 23: 13}",38reac1,12,75.7312580595783,26.52164515810662,Double bond
143,CCOC(=O)C([C:21](=[CH2:20])[C:22]#[N:23])O,39,"{21: 6, 20: 7, 22: 8, 23: 9}",39reac0,9,354.60459802286726,9.375670142597073,Atom with lone pair
144,CCOC(=O)C([C:21](=[CH2:20])[C:22]#[N:23])O,39,"{21: 6, 20: 7, 22: 8, 23: 9}",39reac0,6,307.54481429118067,32.939122979598295,Double bond
145,CCOC(=O)C([C:21](=[CH2:20])[C:22]#[N:23])O,39,"{21: 6, 20: 7, 22: 8, 23: 9}",39reac0,7,305.1121094106891,28.626064795376756,Double bond
146,CCOC(=O)C([C:21](=[CH2:20])[C:22]#[N:23])O,39,"{21: 6, 20: 7, 22: 8, 23: 9}",39reac0,4,294.489542330294,11.84145642605069,Ester
147,CCOC(=O)C([C:21](=[CH2:20])[C:22]#[N:23])O,39,"{21: 6, 20: 7, 22: 8, 23: 9}",39reac0,10,263.7156985420258,13.754929331750215,Atom with lone pair
148,CCOC(=O)C([C:21](=[CH2:20])[C:22]#[N:23])O,39,"{21: 6, 20: 7, 22: 8, 23: 9}",39reac0,2,221.177129537068,14.240179579142776,Atom with lone pair
149,CCOC(=O)C([C:21](=[CH2:20])[C:22]#[N:23])O,39,"{21: 6, 20: 7, 22: 8, 23: 9}",39reac0,8,139.59382384247544,22.128591355581232,Triple bond
150,CCOC(=O)C([C:21](=[CH2:20])[C:22]#[N:23])O,39,"{21: 6, 20: 7, 22: 8, 23: 9}",39reac0,3,129.14892886542083,58.604870427259904,Double bond
151,C1=CC(=CC=C1C[NH2:10])Cl,39,{10: 7},39reac1,7,483.94798525193,6.2304453414104675,Amine
152,C1=CC(=CC=C1C[NH2:10])Cl,39,{10: 7},39reac1,5,320.6080744946468,19.383040964581852,Double bond
153,C1=CC(=CC=C1C[NH2:10])Cl,39,{10: 7},39reac1,4,300.29077953762965,11.777233863061165,Double bond
154,C1=CC(=CC=C1C[NH2:10])Cl,39,{10: 7},39reac1,0,300.29077953762965,11.777233863061165,Double bond
155,C1=CC(=CC=C1C[NH2:10])Cl,39,{10: 7},39reac1,1,293.9891999246878,10.163003923389915,Double bond
156,C1=CC(=CC=C1C[NH2:10])Cl,39,{10: 7},39reac1,3,293.9891999246878,10.163003923389915,Double bond
157,C1=CC(=CC=C1C[NH2:10])Cl,39,{10: 7},39reac1,2,285.6415594027725,13.991866667341414,Double bond
158,C1=CC(=CC=C1C[NH2:10])Cl,39,{10: 7},39reac1,8,211.1377730769715,10.58534800663869,Atom with lone pair
159,C1CC[NH:10]C1,40,{10: 3},40reac0,3,511.70116067809164,14.819829679889821,Amine
160,C1=CC(=CC=C1[CH:20]=[O:21])Cl,40,"{20: 6, 21: 7}",40reac1,7,351.49934363814936,8.803712640025301,Aldehyde
161,C1=CC(=CC=C1[CH:20]=[O:21])Cl,40,"{20: 6, 21: 7}",40reac1,3,269.5510889958098,12.235330587722679,Double bond
162,C1=CC(=CC=C1[CH:20]=[O:21])Cl,40,"{20: 6, 21: 7}",40reac1,1,269.5510889958098,12.235330587722679,Double bond
163,C1=CC(=CC=C1[CH:20]=[O:21])Cl,40,"{20: 6, 21: 7}",40reac1,5,262.86121182641386,16.724073822376834,Double bond
164,C1=CC(=CC=C1[CH:20]=[O:21])Cl,40,"{20: 6, 21: 7}",40reac1,4,249.6154706032027,13.83314485856883,Double bond
165,C1=CC(=CC=C1[CH:20]=[O:21])Cl,40,"{20: 6, 21: 7}",40reac1,0,249.6154706032027,13.83314485856883,Double bond
166,C1=CC(=CC=C1[CH:20]=[O:21])Cl,40,"{20: 6, 21: 7}",40reac1,2,242.73723129296152,15.16116854226356,Double bond
167,C1=CC(=CC=C1[CH:20]=[O:21])Cl,40,"{20: 6, 21: 7}",40reac1,8,192.82157574602843,12.478208890063994,Atom with lone pair
168,C1=CC(=CC=C1[CH:20]=[O:21])Cl,40,"{20: 6, 21: 7}",40reac1,6,146.29298443422152,44.99981082985556,Double bond
169,CC(C)(C)[CH:20]=[O:21],41,"{20: 4, 21: 5}",41reac0,5,333.0233430451035,13.74924145996588,Aldehyde
170,CC(C)(C)[CH:20]=[O:21],41,"{20: 4, 21: 5}",41reac0,4,219.8704033992785,71.31123988836194,Double bond
171,C1CC([NH:10]C1)C(=O)O,41,{10: 3},41reac1,3,481.27391853570475,13.606320878094916,Amine
172,C1CC([NH:10]C1)C(=O)O,41,{10: 3},41reac1,6,319.57117494186053,12.106325399523815,Carboxylic acid
173,C1CC([NH:10]C1)C(=O)O,41,{10: 3},41reac1,7,240.31896467695623,13.174683669459437,Atom with lone pair
174,C1CC([NH:10]C1)C(=O)O,41,{10: 3},41reac1,5,123.84030901138723,61.7772666483738,Double bond
175,CC(C)[NH:10]C(C)C,42,{10: 3},42reac0,3,502.716243711058,11.087594686657438,Amine
176,CO[C:22](=[O:23])[CH:21]=[CH2:20],42,"{22: 2, 23: 3, 21: 4, 20: 5}",42reac1,4,327.33055559347383,29.801397666566626,Double bond
177,CO[C:22](=[O:23])[CH:21]=[CH2:20],42,"{22: 2, 23: 3, 21: 4, 20: 5}",42reac1,3,317.75233912344083,13.837573280338457,Atom with lone pair
178,CO[C:22](=[O:23])[CH:21]=[CH2:20],42,"{22: 2, 23: 3, 21: 4, 20: 5}",42reac1,5,281.66106056556134,13.893366484667364,Double bond
179,CO[C:22](=[O:23])[CH:21]=[CH2:20],42,"{22: 2, 23: 3, 21: 4, 20: 5}",42reac1,1,260.60131156661174,10.754384633889963,Atom with lone pair
180,CO[C:22](=[O:23])[CH:21]=[CH2:20],42,"{22: 2, 23: 3, 21: 4, 20: 5}",42reac1,2,99.77067421709353,23.856530678128923,Double bond
181,C/[CH:20]=[C:21]/1\C2=C(C=CC=C2)C=C[C:22]1=[O:23],43,"{20: 1, 21: 2, 22: 11, 23: 12}",43reac0,12,380.91110115832794,15.724678550034609,Atom with lone pair
182,C/[CH:20]=[C:21]/1\C2=C(C=CC=C2)C=C[C:22]1=[O:23],43,"{20: 1, 21: 2, 22: 11, 23: 12}",43reac0,10,367.52953274696654,19.80738850277044,Double bond
183,C/[CH:20]=[C:21]/1\C2=C(C=CC=C2)C=C[C:22]1=[O:23],43,"{20: 1, 21: 2, 22: 11, 23: 12}",43reac0,2,336.2799498438074,31.797840050160918,Double bond
184,C/[CH:20]=[C:21]/1\C2=C(C=CC=C2)C=C[C:22]1=[O:23],43,"{20: 1, 21: 2, 22: 11, 23: 12}",43reac0,1,322.18618969053153,34.69549643144073,Double bond
185,C/[CH:20]=[C:21]/1\C2=C(C=CC=C2)C=C[C:22]1=[O:23],43,"{20: 1, 21: 2, 22: 11, 23: 12}",43reac0,6,312.64590401937954,13.482189533432765,Double bond
186,C/[CH:20]=[C:21]/1\C2=C(C=CC=C2)C=C[C:22]1=[O:23],43,"{20: 1, 21: 2, 22: 11, 23: 12}",43reac0,8,310.67408962379665,12.258247898870794,Double bond
187,C/[CH:20]=[C:21]/1\C2=C(C=CC=C2)C=C[C:22]1=[O:23],43,"{20: 1, 21: 2, 22: 11, 23: 12}",43reac0,5,302.9028051949026,9.776002819057911,Double bond
188,C/[CH:20]=[C:21]/1\C2=C(C=CC=C2)C=C[C:22]1=[O:23],43,"{20: 1, 21: 2, 22: 11, 23: 12}",43reac0,7,295.2450848672225,11.564278335097196,Double bond
189,C/[CH:20]=[C:21]/1\C2=C(C=CC=C2)C=C[C:22]1=[O:23],43,"{20: 1, 21: 2, 22: 11, 23: 12}",43reac0,4,265.06502626331655,16.1486069771166,Double bond
190,C/[CH:20]=[C:21]/1\C2=C(C=CC=C2)C=C[C:22]1=[O:23],43,"{20: 1, 21: 2, 22: 11, 23: 12}",43reac0,9,248.17719409311232,21.382134733170567,Double bond
191,C/[CH:20]=[C:21]/1\C2=C(C=CC=C2)C=C[C:22]1=[O:23],43,"{20: 1, 21: 2, 22: 11, 23: 12}",43reac0,3,232.963424904657,15.419362751915621,Double bond
192,C/[CH:20]=[C:21]/1\C2=C(C=CC=C2)C=C[C:22]1=[O:23],43,"{20: 1, 21: 2, 22: 11, 23: 12}",43reac0,11,128.07768204738306,29.301744824686033,Double bond
193,COC1=C(C=C2C=[N:10]CCC2=C1)OC,43,{10: 7},43reac1,7,477.8916408445667,30.01785468114937,Imine
194,COC1=C(C=C2C=[N:10]CCC2=C1)OC,43,{10: 7},43reac1,11,347.99550865442086,15.815660711553555,Double bond
195,COC1=C(C=C2C=[N:10]CCC2=C1)OC,43,{10: 7},43reac1,4,340.81633170500754,13.767683532429004,Double bond
196,COC1=C(C=C2C=[N:10]CCC2=C1)OC,43,{10: 7},43reac1,3,327.9668941830003,15.030490349191954,Double bond
197,COC1=C(C=C2C=[N:10]CCC2=C1)OC,43,{10: 7},43reac1,10,323.1706565528812,14.873046216948088,Double bond
198,COC1=C(C=C2C=[N:10]CCC2=C1)OC,43,{10: 7},43reac1,5,322.75080841079597,22.483295295366744,Double bond
199,COC1=C(C=C2C=[N:10]CCC2=C1)OC,43,{10: 7},43reac1,2,309.9377597963828,15.89197451030673,Double bond
200,COC1=C(C=C2C=[N:10]CCC2=C1)OC,43,{10: 7},43reac1,6,294.2930011588222,38.83845910588217,Double bond
201,COC1=C(C=C2C=[N:10]CCC2=C1)OC,43,{10: 7},43reac1,12,292.9910497961026,11.810908362432453,Ether
202,COC1=C(C=C2C=[N:10]CCC2=C1)OC,43,{10: 7},43reac1,1,291.4400501985266,11.731944680332429,Ether
