,reactant_smi,rxn_id,mapped_atoms,reactant_id_no_underbar,elec_sites,MAA Value [kJ/mol],Est. Error [kJ/mol],Type
0,CCC/[N:10]=C/C1=CC=CC=C1,24,{10: 3},24reac0,8,157.71346756467617,14.822544868084226,Double bond
1,CCC/[N:10]=C/C1=CC=CC=C1,24,{10: 3},24reac0,4,151.52838447554709,29.846341676248578,Imine
2,CCC/[N:10]=C/C1=CC=CC=C1,24,{10: 3},24reac0,10,145.14645586722216,15.083801561051477,Double bond
3,CCC/[N:10]=C/C1=CC=CC=C1,24,{10: 3},24reac0,6,145.14645586722216,15.083801561051477,Double bond
4,CCC/[N:10]=C/C1=CC=CC=C1,24,{10: 3},24reac0,3,113.63637742105861,39.57164906337033,Double bond
5,CCC/[N:10]=C/C1=CC=CC=C1,24,{10: 3},24reac0,7,76.88048441706817,15.897344176034329,Double bond
6,CCC/[N:10]=C/C1=CC=CC=C1,24,{10: 3},24reac0,9,76.88048441706817,15.897344176034329,Double bond
7,CCC/[N:10]=C/C1=CC=CC=C1,24,{10: 3},24reac0,5,65.26693517816406,11.046187297608416,Double bond
8,C1C2=C(C=CC=C2)[C:20](=[O:21])OC1=O,24,"{20: 7, 21: 8}",24reac1,10,244.37777323747665,23.132901031314287,Anhydride
9,C1C2=C(C=CC=C2)[C:20](=[O:21])OC1=O,24,"{20: 7, 21: 8}",24reac1,7,234.15966379374044,26.694393960135766,Anhydride
10,C1C2=C(C=CC=C2)[C:20](=[O:21])OC1=O,24,"{20: 7, 21: 8}",24reac1,5,215.65235359889041,21.550648386346992,Double bond
11,C1C2=C(C=CC=C2)[C:20](=[O:21])OC1=O,24,"{20: 7, 21: 8}",24reac1,3,193.2171801964477,19.352445746279315,Double bond
12,C1C2=C(C=CC=C2)[C:20](=[O:21])OC1=O,24,"{20: 7, 21: 8}",24reac1,1,181.58351172636682,21.944759770001202,Double bond
13,C1C2=C(C=CC=C2)[C:20](=[O:21])OC1=O,24,"{20: 7, 21: 8}",24reac1,4,105.52464104793563,27.467407439834997,Double bond
14,C1C2=C(C=CC=C2)[C:20](=[O:21])OC1=O,24,"{20: 7, 21: 8}",24reac1,6,104.08242698412745,27.301535719484274,Double bond
15,C1C2=C(C=CC=C2)[C:20](=[O:21])OC1=O,24,"{20: 7, 21: 8}",24reac1,2,99.44861654962776,35.99756348392526,Double bond
16,C1C2=C(C=CC=C2)[C:20](=[O:21])OC1=O,24,"{20: 7, 21: 8}",24reac1,8,75.7358913809706,29.678822521529163,Double bond
17,C1C2=C(C=CC=C2)[C:20](=[O:21])OC1=O,24,"{20: 7, 21: 8}",24reac1,11,-42.88365583806608,23.99367883827632,Double bond
18,CCC(C(C)[C:20](=[O:21])Cl)O[Si](C)(C)C(C)(C)C,26,"{20: 5, 21: 6}",26reac1,5,205.77249650829708,27.892846763668103,Acyl halide
19,CCC(C(C)[C:20](=[O:21])Cl)O[Si](C)(C)C(C)(C)C,26,"{20: 5, 21: 6}",26reac1,6,54.996261518610034,46.97540692449644,Double bond
20,CN(C)C1=CC=[N:10]C=C1,26,{10: 6},26reac2,3,98.92061603680934,23.474173491530003,Double bond
21,CN(C)C1=CC=[N:10]C=C1,26,{10: 6},26reac2,5,95.86118406050532,12.134676600634382,Double bond
22,CN(C)C1=CC=[N:10]C=C1,26,{10: 6},26reac2,7,95.86118406050532,12.134676600634382,Double bond
23,CN(C)C1=CC=[N:10]C=C1,26,{10: 6},26reac2,4,69.06760915399624,23.24141990517463,Double bond
24,CN(C)C1=CC=[N:10]C=C1,26,{10: 6},26reac2,8,69.06760915399624,23.24141990517463,Double bond
25,CN(C)C1=CC=[N:10]C=C1,26,{10: 6},26reac2,6,-74.23750775893174,25.61290654310322,Double bond
26,C1CC([NH:10]C1)C(=O)N,33,{10: 3},33reac0,5,90.86182609790426,14.546097020765977,Amide
27,C1CC([NH:10]C1)C(=O)N,33,{10: 3},33reac0,6,-132.3666421015073,15.340414514801532,Double bond
28,C1=COC(=C1)[C:20](=[O:21])OC2=C(C(=C(C(=C2F)F)F)F)F,33,"{20: 5, 21: 6}",33reac1,11,302.06756749443053,17.76697546921513,Double bond
29,C1=COC(=C1)[C:20](=[O:21])OC2=C(C(=C(C(=C2F)F)F)F)F,33,"{20: 5, 21: 6}",33reac1,10,301.06651917516507,18.497825854295485,Double bond
30,C1=COC(=C1)[C:20](=[O:21])OC2=C(C(=C(C(=C2F)F)F)F)F,33,"{20: 5, 21: 6}",33reac1,12,301.06651917516507,18.497825854295485,Double bond
31,C1=COC(=C1)[C:20](=[O:21])OC2=C(C(=C(C(=C2F)F)F)F)F,33,"{20: 5, 21: 6}",33reac1,9,283.05146417010894,20.266043924240222,Double bond
32,C1=COC(=C1)[C:20](=[O:21])OC2=C(C(=C(C(=C2F)F)F)F)F,33,"{20: 5, 21: 6}",33reac1,13,283.05146417010894,20.266043924240222,Double bond
33,C1=COC(=C1)[C:20](=[O:21])OC2=C(C(=C(C(=C2F)F)F)F)F,33,"{20: 5, 21: 6}",33reac1,8,229.1604589101101,35.229394744777125,Double bond
34,C1=COC(=C1)[C:20](=[O:21])OC2=C(C(=C(C(=C2F)F)F)F)F,33,"{20: 5, 21: 6}",33reac1,5,209.52951448398528,21.870200955602577,Ester
35,C1=COC(=C1)[C:20](=[O:21])OC2=C(C(=C(C(=C2F)F)F)F)F,33,"{20: 5, 21: 6}",33reac1,1,207.28693940258034,19.724081286268678,Double bond
36,C1=COC(=C1)[C:20](=[O:21])OC2=C(C(=C(C(=C2F)F)F)F)F,33,"{20: 5, 21: 6}",33reac1,4,191.50355945649613,22.842299066596485,Double bond
37,C1=COC(=C1)[C:20](=[O:21])OC2=C(C(=C(C(=C2F)F)F)F)F,33,"{20: 5, 21: 6}",33reac1,3,150.40614831972283,34.98760119865847,Double bond
38,C1=COC(=C1)[C:20](=[O:21])OC2=C(C(=C(C(=C2F)F)F)F)F,33,"{20: 5, 21: 6}",33reac1,0,51.5683360935355,32.225350985655446,Double bond
39,C1=COC(=C1)[C:20](=[O:21])OC2=C(C(=C(C(=C2F)F)F)F)F,33,"{20: 5, 21: 6}",33reac1,6,-1.9184289388938995,28.463102081502104,Double bond
40,CC(=CCC1=C(C=C(C=C1[CH:20]=[O:21])OCC2=CC=CC=C2)OCC3=CC=CC=C3)C,34,"{20: 10, 21: 11}",34reac0,10,158.46406306293147,16.187680408100256,Aldehyde
41,CC(=CCC1=C(C=C(C=C1[CH:20]=[O:21])OCC2=CC=CC=C2)OCC3=CC=CC=C3)C,34,"{20: 10, 21: 11}",34reac0,7,142.171672168464,20.021918977138156,Double bond
42,CC(=CCC1=C(C=C(C=C1[CH:20]=[O:21])OCC2=CC=CC=C2)OCC3=CC=CC=C3)C,34,"{20: 10, 21: 11}",34reac0,8,133.77799359493864,31.10764424042586,Double bond
43,CC(=CCC1=C(C=C(C=C1[CH:20]=[O:21])OCC2=CC=CC=C2)OCC3=CC=CC=C3)C,34,"{20: 10, 21: 11}",34reac0,5,132.31815312401022,27.86856615580624,Double bond
44,CC(=CCC1=C(C=C(C=C1[CH:20]=[O:21])OCC2=CC=CC=C2)OCC3=CC=CC=C3)C,34,"{20: 10, 21: 11}",34reac0,6,130.2217773925391,30.301534961288787,Double bond
45,CC(=CCC1=C(C=C(C=C1[CH:20]=[O:21])OCC2=CC=CC=C2)OCC3=CC=CC=C3)C,34,"{20: 10, 21: 11}",34reac0,11,103.91731336078186,38.57258051940563,Double bond
46,CC(=CCC1=C(C=C(C=C1[CH:20]=[O:21])OCC2=CC=CC=C2)OCC3=CC=CC=C3)C,34,"{20: 10, 21: 11}",34reac0,9,95.08532384027488,41.92278812834708,Double bond
47,CC(=CCC1=C(C=C(C=C1[CH:20]=[O:21])OCC2=CC=CC=C2)OCC3=CC=CC=C3)C,34,"{20: 10, 21: 11}",34reac0,4,85.25805505246058,37.33356288123531,Double bond
48,CC(=CCC1=C(C=C(C=C1[CH:20]=[O:21])OCC2=CC=CC=C2)OCC3=CC=CC=C3)C,34,"{20: 10, 21: 11}",34reac0,27,78.70082242556556,10.769103144707923,Double bond
49,CC(=CCC1=C(C=C(C=C1[CH:20]=[O:21])OCC2=CC=CC=C2)OCC3=CC=CC=C3)C,34,"{20: 10, 21: 11}",34reac0,23,78.70082242556556,10.769103144707923,Double bond
50,CC(=CCC1=C(C=C(C=C1[CH:20]=[O:21])OCC2=CC=CC=C2)OCC3=CC=CC=C3)C,34,"{20: 10, 21: 11}",34reac0,25,77.94760488381411,11.750638534609237,Double bond
51,CC(=CCC1=C(C=C(C=C1[CH:20]=[O:21])OCC2=CC=CC=C2)OCC3=CC=CC=C3)C,34,"{20: 10, 21: 11}",34reac0,17,75.71612353034138,10.47487158749749,Double bond
52,CC(=CCC1=C(C=C(C=C1[CH:20]=[O:21])OCC2=CC=CC=C2)OCC3=CC=CC=C3)C,34,"{20: 10, 21: 11}",34reac0,19,74.55971866078384,8.148137133201555,Double bond
53,CC(=CCC1=C(C=C(C=C1[CH:20]=[O:21])OCC2=CC=CC=C2)OCC3=CC=CC=C3)C,34,"{20: 10, 21: 11}",34reac0,15,74.55971866078384,8.148137133201555,Double bond
54,CC(=CCC1=C(C=C(C=C1[CH:20]=[O:21])OCC2=CC=CC=C2)OCC3=CC=CC=C3)C,34,"{20: 10, 21: 11}",34reac0,14,70.39703156726966,8.010604088409368,Double bond
55,CC(=CCC1=C(C=C(C=C1[CH:20]=[O:21])OCC2=CC=CC=C2)OCC3=CC=CC=C3)C,34,"{20: 10, 21: 11}",34reac0,24,70.37913748273498,8.134199275380443,Double bond
56,CC(=CCC1=C(C=C(C=C1[CH:20]=[O:21])OCC2=CC=CC=C2)OCC3=CC=CC=C3)C,34,"{20: 10, 21: 11}",34reac0,26,70.37913748273498,8.134199275380443,Double bond
57,CC(=CCC1=C(C=C(C=C1[CH:20]=[O:21])OCC2=CC=CC=C2)OCC3=CC=CC=C3)C,34,"{20: 10, 21: 11}",34reac0,22,69.48221036069589,8.445495678380473,Double bond
58,CC(=CCC1=C(C=C(C=C1[CH:20]=[O:21])OCC2=CC=CC=C2)OCC3=CC=CC=C3)C,34,"{20: 10, 21: 11}",34reac0,16,68.99074351146233,7.692669033811495,Double bond
59,CC(=CCC1=C(C=C(C=C1[CH:20]=[O:21])OCC2=CC=CC=C2)OCC3=CC=CC=C3)C,34,"{20: 10, 21: 11}",34reac0,18,68.99074351146233,7.692669033811495,Double bond
60,CC(=CCC1=C(C=C(C=C1[CH:20]=[O:21])OCC2=CC=CC=C2)OCC3=CC=CC=C3)C,34,"{20: 10, 21: 11}",34reac0,2,67.08975053532919,18.695565262665987,Double bond
61,CC(=CCC1=C(C=C(C=C1[CH:20]=[O:21])OCC2=CC=CC=C2)OCC3=CC=CC=C3)C,34,"{20: 10, 21: 11}",34reac0,1,65.7829485014652,17.73203897690896,Double bond
62,CC1([NH:10]C(C(=O)N1C)CC2=CC=CC=C2)C,35,{10: 2},35reac0,4,99.62346902165692,22.156727431477698,Double bond
63,CC1([NH:10]C(C(=O)N1C)CC2=CC=CC=C2)C,35,{10: 2},35reac0,11,60.65752876391102,9.422273677166018,Double bond
64,CC1([NH:10]C(C(=O)N1C)CC2=CC=CC=C2)C,35,{10: 2},35reac0,13,60.65752876391102,9.422273677166018,Double bond
65,CC1([NH:10]C(C(=O)N1C)CC2=CC=CC=C2)C,35,{10: 2},35reac0,10,58.960353201114344,12.537697611853558,Double bond
66,CC1([NH:10]C(C(=O)N1C)CC2=CC=CC=C2)C,35,{10: 2},35reac0,14,58.960353201114344,12.537697611853558,Double bond
67,CC1([NH:10]C(C(=O)N1C)CC2=CC=CC=C2)C,35,{10: 2},35reac0,12,57.145193190633016,10.42081216707733,Double bond
68,CC1([NH:10]C(C(=O)N1C)CC2=CC=CC=C2)C,35,{10: 2},35reac0,9,56.273465683005824,14.491858050580312,Double bond
69,CC1([NH:10]C(C(=O)N1C)CC2=CC=CC=C2)C,35,{10: 2},35reac0,5,-88.52572305265383,19.924941333140865,Double bond
70,C1=CC=C(C=C1)C[CH:20]=[O:21],35,"{20: 7, 21: 8}",35reac1,7,181.45968722957372,19.00443995254298,Aldehyde
71,C1=CC=C(C=C1)C[CH:20]=[O:21],35,"{20: 7, 21: 8}",35reac1,3,90.3301984617962,24.714984566830935,Double bond
72,C1=CC=C(C=C1)C[CH:20]=[O:21],35,"{20: 7, 21: 8}",35reac1,0,74.46323638662959,14.256037446007804,Double bond
73,C1=CC=C(C=C1)C[CH:20]=[O:21],35,"{20: 7, 21: 8}",35reac1,2,74.40301873035027,11.970500466119866,Double bond
74,C1=CC=C(C=C1)C[CH:20]=[O:21],35,"{20: 7, 21: 8}",35reac1,4,74.40301873035027,11.970500466119866,Double bond
75,C1=CC=C(C=C1)C[CH:20]=[O:21],35,"{20: 7, 21: 8}",35reac1,1,69.9307019452221,11.042740489844372,Double bond
76,C1=CC=C(C=C1)C[CH:20]=[O:21],35,"{20: 7, 21: 8}",35reac1,5,69.9307019452221,11.042740489844372,Double bond
77,C1=CC=C(C=C1)C[CH:20]=[O:21],35,"{20: 7, 21: 8}",35reac1,8,64.81323635505926,36.58846453761434,Double bond
78,COCC(CC1=CC=CC=C1)[NH2:10],36,{10: 11},36reac0,9,55.824035439481754,9.151712277775204,Double bond
79,COCC(CC1=CC=CC=C1)[NH2:10],36,{10: 11},36reac0,7,55.824035439481754,9.151712277775204,Double bond
80,COCC(CC1=CC=CC=C1)[NH2:10],36,{10: 11},36reac0,5,55.157498107738945,10.408942299523343,Double bond
81,COCC(CC1=CC=CC=C1)[NH2:10],36,{10: 11},36reac0,6,50.903132023634775,18.616583872198476,Double bond
82,COCC(CC1=CC=CC=C1)[NH2:10],36,{10: 11},36reac0,10,50.903132023634775,18.616583872198476,Double bond
83,COCC(CC1=CC=CC=C1)[NH2:10],36,{10: 11},36reac0,8,42.417088834004645,12.492897957727136,Double bond
84,C1CC[C:20](=[O:21])CC1,36,"{20: 3, 21: 4}",36reac1,3,139.5130370401625,17.063032325123643,Ketone
85,C1CC[C:20](=[O:21])CC1,36,"{20: 3, 21: 4}",36reac1,4,-49.22349277628487,14.80867179333185,Double bond
86,C1=CC=C(C=C1)C(C2=C(C=CC3=C2C=CC=C3)O)[NH:10]CCCCC[CH:20]=[O:21],37,"{10: 18, 20: 24, 21: 25}",37reac0,24,154.608898054512,16.989206999621587,Aldehyde
87,C1=CC=C(C=C1)C(C2=C(C=CC3=C2C=CC=C3)O)[NH:10]CCCCC[CH:20]=[O:21],37,"{10: 18, 20: 24, 21: 25}",37reac0,7,116.28314979811935,29.37704807652792,Double bond
88,C1=CC=C(C=C1)C(C2=C(C=CC3=C2C=CC=C3)O)[NH:10]CCCCC[CH:20]=[O:21],37,"{10: 18, 20: 24, 21: 25}",37reac0,10,111.72101170923507,15.728559168795082,Double bond
89,C1=CC=C(C=C1)C(C2=C(C=CC3=C2C=CC=C3)O)[NH:10]CCCCC[CH:20]=[O:21],37,"{10: 18, 20: 24, 21: 25}",37reac0,16,109.13894961718398,12.427985423758754,Double bond
90,C1=CC=C(C=C1)C(C2=C(C=CC3=C2C=CC=C3)O)[NH:10]CCCCC[CH:20]=[O:21],37,"{10: 18, 20: 24, 21: 25}",37reac0,14,102.05747114164035,18.717908281693568,Double bond
91,C1=CC=C(C=C1)C(C2=C(C=CC3=C2C=CC=C3)O)[NH:10]CCCCC[CH:20]=[O:21],37,"{10: 18, 20: 24, 21: 25}",37reac0,8,93.4426413428705,17.13385553963618,Double bond
92,C1=CC=C(C=C1)C(C2=C(C=CC3=C2C=CC=C3)O)[NH:10]CCCCC[CH:20]=[O:21],37,"{10: 18, 20: 24, 21: 25}",37reac0,13,92.12348556882306,25.666622530269752,Double bond
93,C1=CC=C(C=C1)C(C2=C(C=CC3=C2C=CC=C3)O)[NH:10]CCCCC[CH:20]=[O:21],37,"{10: 18, 20: 24, 21: 25}",37reac0,9,76.55541331427487,14.75700915022638,Double bond
94,C1=CC=C(C=C1)C(C2=C(C=CC3=C2C=CC=C3)O)[NH:10]CCCCC[CH:20]=[O:21],37,"{10: 18, 20: 24, 21: 25}",37reac0,3,70.41836311187421,17.253599802918448,Double bond
95,C1=CC=C(C=C1)C(C2=C(C=CC3=C2C=CC=C3)O)[NH:10]CCCCC[CH:20]=[O:21],37,"{10: 18, 20: 24, 21: 25}",37reac0,0,67.91798182530782,11.933161585434247,Double bond
96,C1=CC=C(C=C1)C(C2=C(C=CC3=C2C=CC=C3)O)[NH:10]CCCCC[CH:20]=[O:21],37,"{10: 18, 20: 24, 21: 25}",37reac0,4,66.30608212610178,14.861209997185046,Double bond
97,C1=CC=C(C=C1)C(C2=C(C=CC3=C2C=CC=C3)O)[NH:10]CCCCC[CH:20]=[O:21],37,"{10: 18, 20: 24, 21: 25}",37reac0,2,66.30608212610178,14.861209997185046,Double bond
98,C1=CC=C(C=C1)C(C2=C(C=CC3=C2C=CC=C3)O)[NH:10]CCCCC[CH:20]=[O:21],37,"{10: 18, 20: 24, 21: 25}",37reac0,5,64.9690289144863,9.493268842587847,Double bond
99,C1=CC=C(C=C1)C(C2=C(C=CC3=C2C=CC=C3)O)[NH:10]CCCCC[CH:20]=[O:21],37,"{10: 18, 20: 24, 21: 25}",37reac0,1,64.9690289144863,9.493268842587847,Double bond
100,C1=CC=C(C=C1)C(C2=C(C=CC3=C2C=CC=C3)O)[NH:10]CCCCC[CH:20]=[O:21],37,"{10: 18, 20: 24, 21: 25}",37reac0,15,61.852027007547264,12.53700198832491,Double bond
101,C1=CC=C(C=C1)C(C2=C(C=CC3=C2C=CC=C3)O)[NH:10]CCCCC[CH:20]=[O:21],37,"{10: 18, 20: 24, 21: 25}",37reac0,12,35.680429444916,21.311314205009396,Double bond
102,C1=CC=C(C=C1)C(C2=C(C=CC3=C2C=CC=C3)O)[NH:10]CCCCC[CH:20]=[O:21],37,"{10: 18, 20: 24, 21: 25}",37reac0,11,13.438967902946006,18.009234991922252,Double bond
103,C1=CC=C(C=C1)C(C2=C(C=CC3=C2C=CC=C3)O)[NH:10]CCCCC[CH:20]=[O:21],37,"{10: 18, 20: 24, 21: 25}",37reac0,25,-20.13453042648251,37.58852574609931,Double bond
104,COC1=CC=C(C=C1)/[CH:20]=[C:21](\C#N)/[C:22](=[O:23])OC,38,"{20: 8, 21: 9, 22: 12, 23: 13}",38reac1,8,311.0131194407817,16.374375695541463,Michael acceptor
105,COC1=CC=C(C=C1)/[CH:20]=[C:21](\C#N)/[C:22](=[O:23])OC,38,"{20: 8, 21: 9, 22: 12, 23: 13}",38reac1,4,217.41856087789068,22.224340150017333,Double bond
106,COC1=CC=C(C=C1)/[CH:20]=[C:21](\C#N)/[C:22](=[O:23])OC,38,"{20: 8, 21: 9, 22: 12, 23: 13}",38reac1,6,217.41856087789068,22.224340150017333,Double bond
107,COC1=CC=C(C=C1)/[CH:20]=[C:21](\C#N)/[C:22](=[O:23])OC,38,"{20: 8, 21: 9, 22: 12, 23: 13}",38reac1,9,191.41234903805454,33.92069706745676,Double bond
108,COC1=CC=C(C=C1)/[CH:20]=[C:21](\C#N)/[C:22](=[O:23])OC,38,"{20: 8, 21: 9, 22: 12, 23: 13}",38reac1,2,183.36945229263475,26.498604845448515,Double bond
109,COC1=CC=C(C=C1)/[CH:20]=[C:21](\C#N)/[C:22](=[O:23])OC,38,"{20: 8, 21: 9, 22: 12, 23: 13}",38reac1,12,162.68405684669668,15.028940818792508,Double bond
110,COC1=CC=C(C=C1)/[CH:20]=[C:21](\C#N)/[C:22](=[O:23])OC,38,"{20: 8, 21: 9, 22: 12, 23: 13}",38reac1,10,128.17292261664127,15.149588958889693,Triple bond
111,COC1=CC=C(C=C1)/[CH:20]=[C:21](\C#N)/[C:22](=[O:23])OC,38,"{20: 8, 21: 9, 22: 12, 23: 13}",38reac1,11,115.36328797047142,23.1779555478043,Triple bond
112,COC1=CC=C(C=C1)/[CH:20]=[C:21](\C#N)/[C:22](=[O:23])OC,38,"{20: 8, 21: 9, 22: 12, 23: 13}",38reac1,7,90.86464837924038,15.57777284068803,Double bond
113,COC1=CC=C(C=C1)/[CH:20]=[C:21](\C#N)/[C:22](=[O:23])OC,38,"{20: 8, 21: 9, 22: 12, 23: 13}",38reac1,3,90.86464837924038,15.57777284068803,Double bond
114,COC1=CC=C(C=C1)/[CH:20]=[C:21](\C#N)/[C:22](=[O:23])OC,38,"{20: 8, 21: 9, 22: 12, 23: 13}",38reac1,5,44.7140106032388,22.90896668254695,Double bond
115,COC1=CC=C(C=C1)/[CH:20]=[C:21](\C#N)/[C:22](=[O:23])OC,38,"{20: 8, 21: 9, 22: 12, 23: 13}",38reac1,13,16.804346469567346,28.150164730667022,Double bond
116,CCOC(=O)C([C:21](=[CH2:20])[C:22]#[N:23])O,39,"{21: 6, 20: 7, 22: 8, 23: 9}",39reac0,7,212.46955216640382,45.46729375728181,Michael acceptor
117,CCOC(=O)C([C:21](=[CH2:20])[C:22]#[N:23])O,39,"{21: 6, 20: 7, 22: 8, 23: 9}",39reac0,6,200.08520325411686,46.535032428383914,Double bond
118,CCOC(=O)C([C:21](=[CH2:20])[C:22]#[N:23])O,39,"{21: 6, 20: 7, 22: 8, 23: 9}",39reac0,3,156.39363878260448,15.712010197157603,Ester
119,CCOC(=O)C([C:21](=[CH2:20])[C:22]#[N:23])O,39,"{21: 6, 20: 7, 22: 8, 23: 9}",39reac0,8,131.88636741831817,23.559961813067087,Triple bond
120,CCOC(=O)C([C:21](=[CH2:20])[C:22]#[N:23])O,39,"{21: 6, 20: 7, 22: 8, 23: 9}",39reac0,9,50.47334128906451,27.187900837434256,Triple bond
121,CCOC(=O)C([C:21](=[CH2:20])[C:22]#[N:23])O,39,"{21: 6, 20: 7, 22: 8, 23: 9}",39reac0,4,-69.1299186368323,29.65927814110165,Double bond
122,C1=CC(=CC=C1C[NH2:10])Cl,39,{10: 7},39reac1,2,164.54221987428647,14.944961668799731,Double bond
123,C1=CC(=CC=C1C[NH2:10])Cl,39,{10: 7},39reac1,1,79.02384322053092,8.287551567939335,Double bond
124,C1=CC(=CC=C1C[NH2:10])Cl,39,{10: 7},39reac1,3,79.02384322053092,8.287551567939335,Double bond
125,C1=CC(=CC=C1C[NH2:10])Cl,39,{10: 7},39reac1,0,77.60827018656308,12.25032880384402,Double bond
126,C1=CC(=CC=C1C[NH2:10])Cl,39,{10: 7},39reac1,4,77.60827018656308,12.25032880384402,Double bond
127,C1=CC(=CC=C1C[NH2:10])Cl,39,{10: 7},39reac1,5,73.27740544937475,14.268597492907952,Double bond
128,C1=CC(=CC=C1[CH:20]=[O:21])Cl,40,"{20: 6, 21: 7}",40reac1,2,244.63918305167317,16.58701151909726,Double bond
129,C1=CC(=CC=C1[CH:20]=[O:21])Cl,40,"{20: 6, 21: 7}",40reac1,0,199.85745498680575,13.560652892154746,Double bond
130,C1=CC(=CC=C1[CH:20]=[O:21])Cl,40,"{20: 6, 21: 7}",40reac1,4,199.85745498680575,13.560652892154746,Double bond
131,C1=CC(=CC=C1[CH:20]=[O:21])Cl,40,"{20: 6, 21: 7}",40reac1,6,174.99019593536323,9.870878499843325,Aldehyde
132,C1=CC(=CC=C1[CH:20]=[O:21])Cl,40,"{20: 6, 21: 7}",40reac1,1,116.82656348981875,12.139163169288311,Double bond
133,C1=CC(=CC=C1[CH:20]=[O:21])Cl,40,"{20: 6, 21: 7}",40reac1,3,116.82656348981875,12.139163169288311,Double bond
134,C1=CC(=CC=C1[CH:20]=[O:21])Cl,40,"{20: 6, 21: 7}",40reac1,5,89.34259974441788,27.273094609885508,Double bond
135,C1=CC(=CC=C1[CH:20]=[O:21])Cl,40,"{20: 6, 21: 7}",40reac1,7,61.12170718959959,22.97144294486064,Double bond
136,CC(C)(C)[CH:20]=[O:21],41,"{20: 4, 21: 5}",41reac0,4,160.42324717409508,29.118690603688158,Aldehyde
137,CC(C)(C)[CH:20]=[O:21],41,"{20: 4, 21: 5}",41reac0,5,-36.08402124039082,37.03465586912182,Double bond
138,C1CC([NH:10]C1)C(=O)O,41,{10: 3},41reac1,5,135.08154289747327,12.875550236989527,Double bond
139,C1CC([NH:10]C1)C(=O)O,41,{10: 3},41reac1,6,-104.31905464530084,15.585158958243841,Double bond
140,CO[C:22](=[O:23])[CH:21]=[CH2:20],42,"{22: 2, 23: 3, 21: 4, 20: 5}",42reac1,5,250.61325248629132,31.01272350572123,Michael acceptor
141,CO[C:22](=[O:23])[CH:21]=[CH2:20],42,"{22: 2, 23: 3, 21: 4, 20: 5}",42reac1,4,139.97416678165808,36.26489814820239,Double bond
142,CO[C:22](=[O:23])[CH:21]=[CH2:20],42,"{22: 2, 23: 3, 21: 4, 20: 5}",42reac1,2,124.8479395450894,20.275284367362826,Double bond
143,CO[C:22](=[O:23])[CH:21]=[CH2:20],42,"{22: 2, 23: 3, 21: 4, 20: 5}",42reac1,3,-17.468488193993505,37.47886604992196,Double bond
144,C/[CH:20]=[C:21]/1\C2=C(C=CC=C2)C=C[C:22]1=[O:23],43,"{20: 1, 21: 2, 22: 11, 23: 12}",43reac0,1,226.48816526198542,31.016903564936655,Michael acceptor
145,C/[CH:20]=[C:21]/1\C2=C(C=CC=C2)C=C[C:22]1=[O:23],43,"{20: 1, 21: 2, 22: 11, 23: 12}",43reac0,9,215.9573825453598,28.12504989339802,Double bond
146,C/[CH:20]=[C:21]/1\C2=C(C=CC=C2)C=C[C:22]1=[O:23],43,"{20: 1, 21: 2, 22: 11, 23: 12}",43reac0,5,173.3832229473402,21.92104037820021,Double bond
147,C/[CH:20]=[C:21]/1\C2=C(C=CC=C2)C=C[C:22]1=[O:23],43,"{20: 1, 21: 2, 22: 11, 23: 12}",43reac0,10,152.17700044715417,29.783294776631507,Double bond
148,C/[CH:20]=[C:21]/1\C2=C(C=CC=C2)C=C[C:22]1=[O:23],43,"{20: 1, 21: 2, 22: 11, 23: 12}",43reac0,7,149.1082628152955,19.382629744914276,Double bond
149,C/[CH:20]=[C:21]/1\C2=C(C=CC=C2)C=C[C:22]1=[O:23],43,"{20: 1, 21: 2, 22: 11, 23: 12}",43reac0,11,130.11220403338146,16.900093122289853,Double bond
150,C/[CH:20]=[C:21]/1\C2=C(C=CC=C2)C=C[C:22]1=[O:23],43,"{20: 1, 21: 2, 22: 11, 23: 12}",43reac0,12,119.76757231727636,37.85958306016822,Double bond
151,C/[CH:20]=[C:21]/1\C2=C(C=CC=C2)C=C[C:22]1=[O:23],43,"{20: 1, 21: 2, 22: 11, 23: 12}",43reac0,6,104.74330630583626,20.488495516031136,Double bond
152,C/[CH:20]=[C:21]/1\C2=C(C=CC=C2)C=C[C:22]1=[O:23],43,"{20: 1, 21: 2, 22: 11, 23: 12}",43reac0,8,101.18702574924697,23.537517923448366,Double bond
153,C/[CH:20]=[C:21]/1\C2=C(C=CC=C2)C=C[C:22]1=[O:23],43,"{20: 1, 21: 2, 22: 11, 23: 12}",43reac0,3,93.8342551124094,26.121953393914367,Double bond
154,C/[CH:20]=[C:21]/1\C2=C(C=CC=C2)C=C[C:22]1=[O:23],43,"{20: 1, 21: 2, 22: 11, 23: 12}",43reac0,2,88.89911634213824,38.835573764303874,Double bond
155,C/[CH:20]=[C:21]/1\C2=C(C=CC=C2)C=C[C:22]1=[O:23],43,"{20: 1, 21: 2, 22: 11, 23: 12}",43reac0,4,73.37834959792882,24.999264560720807,Double bond
156,COC1=C(C=C2C=[N:10]CCC2=C1)OC,43,{10: 7},43reac1,6,126.922137586032,30.18422038535769,Imine
157,COC1=C(C=C2C=[N:10]CCC2=C1)OC,43,{10: 7},43reac1,2,113.68880069420221,19.760876104722396,Double bond
158,COC1=C(C=C2C=[N:10]CCC2=C1)OC,43,{10: 7},43reac1,4,104.42858224746075,26.75717247105193,Double bond
159,COC1=C(C=C2C=[N:10]CCC2=C1)OC,43,{10: 7},43reac1,10,103.10262702825014,18.753808953200508,Double bond
160,COC1=C(C=C2C=[N:10]CCC2=C1)OC,43,{10: 7},43reac1,3,90.51760832501736,14.398908895980215,Double bond
161,COC1=C(C=C2C=[N:10]CCC2=C1)OC,43,{10: 7},43reac1,7,74.10780942083116,26.14756112187542,Double bond
162,COC1=C(C=C2C=[N:10]CCC2=C1)OC,43,{10: 7},43reac1,11,44.13784504098456,11.937224956443771,Double bond
163,COC1=C(C=C2C=[N:10]CCC2=C1)OC,43,{10: 7},43reac1,5,40.901918507738614,18.216826486909923,Double bond
